Category,SKU,Title,MSRP,MAP,Current Price,Has speakeasy,Has mapp rules,Problems
MSRP=MAP (needs tags+price),CA23,Marvel: Crisis Protocol - Operation Zero Tolerance Character & Crisis Card Pack,44.99,44.99,44.99,False,True,missing_tags
MSRP=MAP (needs tags+price),SWQ133,Star Wars: Legion -ARC Troopers Unit Expansion,54.99,54.99,54.99,False,True,missing_tags
MSRP=MAP (needs tags+price),SWQ152,Star Wars: Legion – Customizable Mandalorian Leader & Hunter,39.99,39.99,47.99,True,True,price_wrong
MSRP=MAP (needs tags+price),SWQ97,Star Wars: Legion - Infantry Support Platform,52.99,52.99,52.99,False,False,missing_tags
MSRP=MAP (needs tags+price),CGE00131,Codenames Pictures Second Edition,24.99,24.99,19.99,False,False,price_wrong;missing_tags
MSRP=MAP (needs tags+price),CGE00134,SETI: Search for Extraterrestrial Intelligence - Space Agencies,29.99,29.99,23.99,True,True,price_wrong
MSRP=MAP (needs tags+price),CGE00140,Codenames: Sci-Fi Expansion Pack,9.99,9.99,7.99,False,False,price_wrong;missing_tags
MSRP=MAP (needs tags+price),CGE00142,Codenames: Fairy Tales Expansion Pack,9.99,9.99,7.99,False,False,price_wrong;missing_tags
MSRP=MAP (needs tags+price),CGE00144,Codenames: Cute Critters Expansion Pack,9.99,9.99,7.99,False,False,price_wrong;missing_tags
MSRP=MAP (needs tags+price),DWD01020,Dune - Imperium: Bloodlines Expansion,40.0,40.0,40.0,False,False,missing_tags
MSRP=MAP (needs tags+price),DWD02013,Clank!: Catacombs - Lairs & Losts Chambers Expansion,30.0,30.0,30.0,False,False,missing_tags
MSRP=MAP (needs tags+price),DWD02018,Clank!: Catacombs - Underworld Expansion,35.0,35.0,35.0,False,False,missing_tags
MSRP=MAP (needs tags+price),DWD04000,Clank!: Legacy - Acquisitions Incorporated,100.0,100.0,100.0,False,False,missing_tags
MSRP=MAP (needs tags+price),DWD07000,Wild Tiled West,60.0,60.0,60.0,False,False,missing_tags
MSRP=MAP (needs tags+price),DWD10000,Lightning Train,55.0,55.0,55.0,False,False,missing_tags
MSRP=MAP (needs tags+price),GGS40158ML,Take Time Premium Game Mat,32.99,32.99,26.39,False,False,price_wrong;missing_tags
MSRP=MAP (needs tags+price),HIGPAL08EN,Paleolino,29.99,29.99,23.99,False,False,price_wrong;missing_tags
MSRP=MAP (needs tags+price),LOG0193,Forest Shuffle Dartmoor - Exmoor,11.99,11.99,9.59,False,False,price_wrong;missing_tags
MSRP=MAP (needs tags+price),LDNV500001,Watson And Holmes - The Lost Diaries,40.0,40.0,32.0,False,False,price_wrong;missing_tags
MSRP=MAP (needs tags+price),PANCNCORE,Codis Naturalis,19.99,19.99,29.95,False,False,price_wrong;missing_tags
MSRP=MAP (needs tags+price),POD-2RN-EN,The Witcher: Path Of Destiny - Ronin,99.99,99.99,79.99,True,True,price_wrong
MSRP=MAP (needs tags+price),CANVAS01,Canvas,29.99,29.99,29.99,False,False,missing_tags
MSRP=MAP (needs tags+price),CANVAS04,Canvas Reflections,24.99,24.99,24.99,False,False,missing_tags
MSRP=MAP (needs tags+price),CANVASFTR,Canvas Finishing Touches,24.99,24.99,24.99,False,False,missing_tags
MSRP=MAP (needs tags+price),FLY2041EN,Tiger Stripes The Card Game,15.0,15.0,14.99,False,False,missing_tags
MSRP=MAP (needs tags+price),GLGTETMP,Tiny Epic Tactics: Map Pack Expansion,15.0,15.0,15.0,False,False,missing_tags
MSRP=MAP (needs tags+price),PSG202,Boblin's Rebellion,25.0,25.0,24.99,True,False,missing_tags
MSRP=MAP (needs tags+price),PSG203,Obelus,20.0,20.0,19.99,True,False,missing_tags
MSRP=MAP (needs tags+price),PSG204,Aetherspire,50.0,50.0,54.99,True,True,price_wrong
MSRP=MAP (needs tags+price),PSG601,Flutter,35.0,35.0,34.99,True,False,missing_tags
MSRP=MAP (needs tags+price),PSG602,Flutter: Meadow-wood Edition,75.0,75.0,74.99,True,False,missing_tags
MSRP=MAP (needs tags+price),RMA120,Merchants of Magick A Set a Watch Tale,40.0,40.0,44.99,True,True,price_wrong
MSRP=MAP (needs tags+price),RMA121,Merchants of Magick Dangerous Business,30.0,30.0,34.99,True,True,price_wrong
MSRP=MAP (needs tags+price),RMA122,Merchants of Magick Draught of the Dragons,30.0,30.0,34.99,True,True,price_wrong
MSRP=MAP (needs tags+price),RMA207,Maximum Apocalypse Wasted Wilds,85.0,85.0,85.0,False,True,missing_tags
MSRP=MAP (needs tags+price),SK1061,The Princess Bride Battle of Wits,20.0,20.0,21.99,True,True,price_wrong
MSRP=MAP (needs tags+price),SK1062,The Princess Bride I Hate To Kill You,20.0,20.0,21.99,True,True,price_wrong
MSRP=MAP (needs tags+price),SPK2032EN,Deadly Dowagers (Vertical art box),35.0,35.0,34.99,True,False,missing_tags
MSRP=MAP (needs tags+price),ST1030,Alien Frontiers 5th Edition,75.0,75.0,74.99,True,False,missing_tags
MSRP=MAP (needs tags+price),STG2110EN,Black Orchestra Resistance Expansion,45.0,45.0,49.99,True,True,price_wrong
MSRP=MAP (needs tags+price),STG2111EN,Valkrie: A Black Orchestra Game,45.0,45.0,49.99,True,True,price_wrong
MSRP=MAP (needs tags+price),STG2610EN,Everdell Collector's Edition,100.0,100.0,100.0,False,True,missing_tags
MSRP=MAP (needs tags+price),STG2618EN,Everdell Wooden Ever Tree,30.0,30.0,30.0,True,False,missing_tags
MSRP=MAP (needs tags+price),STG3102EN,Farshore Wooden Lighthouse,30.0,30.0,29.99,True,False,missing_tags
MSRP=MAP (needs tags+price),STG3201EN,Everdell Silverfrost Collectors Edition,100.0,100.0,109.99,True,True,price_wrong
MSRP=MAP (needs tags+price),STG3205EN,Everdell Silverfrost Deluxe Resource Vessels,45.0,45.0,49.99,True,True,price_wrong
MSRP=MAP (needs tags+price),STG3400EN,Flow,35.0,35.0,35.0,False,True,missing_tags
MSRP=MAP (needs tags+price),TYC4080EN,Colt Express (2026 Edition),39.99,39.99,31.99,True,True,price_wrong
MSRP!=MAP (extra tags/price),W3D5MOP0101EN,5 Minute - One Piece,31.99,25.59,25.59,True,True,extra_tags
MSRP!=MAP (extra tags/price),CP129,Marvel: Crisis Protocol - Blue Marvel & Spectrum,42.99,34.39,34.39,True,True,extra_tags
MSRP!=MAP (extra tags/price),CP154,"Marvel: Crisis Protocol - Iron Lad, Iron Monger, Kang The Conqueror & Rescue",59.99,47.99,47.99,True,True,extra_tags
MSRP!=MAP (extra tags/price),CP191,"Marvel: Crisis Protocol – Adam Warlock, Moondragon & Quasar",59.99,47.99,47.99,True,True,extra_tags
MSRP!=MAP (extra tags/price),CP218,Marvel: Crisis Protocol - Inhumans Affiliation Pack,64.99,51.99,51.99,True,True,extra_tags
MSRP!=MAP (extra tags/price),CP224,Marvel: Crisis Protocol - X-Force Affiliation Pack,64.99,51.99,51.99,True,True,extra_tags
MSRP!=MAP (extra tags/price),CP226,Marvel: Crisis Protocol - Xavier's Students Affiliation Pack,69.99,55.99,55.99,True,True,extra_tags
MSRP!=MAP (extra tags/price),CP236,Marvel: Crisis Protocol - Sentinels Affiliation Pack,74.99,59.99,59.99,True,True,extra_tags
MSRP!=MAP (extra tags/price),CP94,Marvel: Crisis Protocol - Valkrie in Elendil & Warriors Three,59.99,47.99,47.99,True,True,extra_tags
MSRP!=MAP (extra tags/price),SWQ01,Star Wars: Legion - Rebel Alliance Starter Set,99.99,79.99,79.99,True,True,extra_tags
MSRP!=MAP (extra tags/price),SWQ02,Star Wars: Legion - Galactic Empire Starter Set,99.99,79.99,79.99,True,True,extra_tags
MSRP!=MAP (extra tags/price),SWQ10,Star Wars Legion: AT-ST Walker,59.99,47.99,59.99,False,True,price_wrong;extra_tags
MSRP!=MAP (extra tags/price),SWQ102,Star Wars: Legion - 3D Objective Tokens,44.99,35.99,44.99,False,True,price_wrong;extra_tags
MSRP!=MAP (extra tags/price),SWQ11,Star Wars: Legion - Stormtroopers,54.99,43.99,43.99,True,True,extra_tags
MSRP!=MAP (extra tags/price),SWQ12,Star Wars: Legion - Scout Troopers,52.99,42.39,42.39,True,True,extra_tags
MSRP!=MAP (extra tags/price),SWQ138,Star Wars: Legion - Outer Rim Outlaws,39.99,31.99,31.99,True,True,extra_tags
MSRP!=MAP (extra tags/price),SWQ139,Star Wars: Legion - IG-Series Assassin Droids,34.99,27.99,27.99,True,True,extra_tags
MSRP!=MAP (extra tags/price),SWQ142,Star Wars: Legion – R2D2 & C-3PO,34.99,27.99,27.99,True,True,extra_tags
MSRP!=MAP (extra tags/price),SWQ15,Star Wars: Legion - Rebel Troopers,54.99,43.99,54.99,True,True,price_wrong;extra_tags
MSRP!=MAP (extra tags/price),SWQ151,Star Wars: Legion - Battle Deck Card Pack II,28.99,23.19,23.19,True,True,extra_tags
MSRP!=MAP (extra tags/price),SWQ16,Star Wars: Legion - Rebel Commandos,52.99,42.39,42.39,True,True,extra_tags
MSRP!=MAP (extra tags/price),SWQ17,Star Wars: Legion – T-47 Airspeeder,39.99,31.99,39.99,False,True,price_wrong;extra_tags
MSRP!=MAP (extra tags/price),SWQ18,Star Wars: Legion -Kashyyyk Wookie Warriors,49.99,39.99,39.99,True,True,extra_tags
MSRP!=MAP (extra tags/price),SWQ198,Star Wars: Legion - Republic AT-RT,34.99,27.99,27.99,True,True,extra_tags
MSRP!=MAP (extra tags/price),SWQ199,Star Wars: Legion – Imperial Shoretroopers,49.99,39.99,39.99,True,True,extra_tags
MSRP!=MAP (extra tags/price),SWQ20,Star Wars: Legion - Customizable Jedi General and Knight,39.99,31.99,31.99,True,True,extra_tags
MSRP!=MAP (extra tags/price),SWQ21,Star Wars: Legion – Heroes of the Clone Army,54.99,43.99,43.99,True,True,extra_tags
MSRP!=MAP (extra tags/price),SWQ22,Star Wars: Legion - Commander & Padawan Ahsoka Tano,34.99,27.99,27.99,True,True,extra_tags
MSRP!=MAP (extra tags/price),SWQ23,Star Wars: Legion - Clone Trooper Marksman,54.99,43.99,43.99,True,True,extra_tags
MSRP!=MAP (extra tags/price),SWQ24,Star Wars: Legion -Clone Troopers Infantry,54.99,43.99,43.99,True,True,extra_tags
MSRP!=MAP (extra tags/price),SWQ27,Star Wars: Legion - TX-130 Saber Tank,69.99,55.99,55.99,True,True,extra_tags
MSRP!=MAP (extra tags/price),SWQ28,Star Wars: Legion - Separatist Alliance Starter Set,99.99,79.99,79.99,True,True,extra_tags
MSRP!=MAP (extra tags/price),SWQ29,Star Wars: Legion - Customizable Super Tactical Command Droid,39.99,31.99,31.99,True,True,extra_tags
MSRP!=MAP (extra tags/price),SWQ30,Star Wars: Legion - B1 Battle Droids Rerelease,54.99,43.99,43.99,True,True,extra_tags
MSRP!=MAP (extra tags/price),SWQ31,Star Wars: Legion -General Grevious' TSMEU-6 Wheel Bike,59.99,47.99,47.99,True,True,extra_tags
MSRP!=MAP (extra tags/price),SWQ32,Star Wars: Legion - TSMEU-6 Personal Wheel Bike - Damaged Box,69.99,55.99,55.99,True,True,extra_tags
MSRP!=MAP (extra tags/price),SWQ35,Star Wars: Legion - B2 Super Battle Droids,49.99,39.99,39.99,True,True,extra_tags
MSRP!=MAP (extra tags/price),SWQ36,Star Wars: Legion - Droidekas,34.99,27.99,27.99,True,True,extra_tags
MSRP!=MAP (extra tags/price),SWQ37,Star Wars: Legion - Geonosian Warriors Unit Expansion,54.99,43.99,43.99,True,True,extra_tags
MSRP!=MAP (extra tags/price),SWQ38,Star Wars: Legion - Super Tactical Droid Commanders,34.99,27.99,27.99,True,True,extra_tags
MSRP!=MAP (extra tags/price),SWQ41,Star Wars: Legion - Captain Solo & Commander Skywalker on Tauntuns,59.99,47.99,47.99,True,True,extra_tags
MSRP!=MAP (extra tags/price),SWQ42,Star Wars: Legion - Imperial High Command,69.99,55.99,55.99,True,True,extra_tags
MSRP!=MAP (extra tags/price),SWQ45,Star Wars: Legion – Hondo Ohnaka & Weequay Pirates,54.99,43.99,43.99,True,True,extra_tags
MSRP!=MAP (extra tags/price),SWQ52,Star Wars: Legion - BX-Series Droid Commandos,49.99,39.99,39.99,True,True,extra_tags
MSRP!=MAP (extra tags/price),SWQ53,Star Wars: Legion - Imperial Special Forces,39.99,31.99,31.99,True,True,extra_tags
MSRP!=MAP (extra tags/price),SWQ58,Star Wars: Legion - IG-100 MagnaGuards,39.99,31.99,31.99,True,True,extra_tags
MSRP!=MAP (extra tags/price),SWQ61,Star Wars: Legion - DSD1 Dwarf Spider Droids,29.99,23.99,23.99,True,True,extra_tags
MSRP!=MAP (extra tags/price),SWQ63,Star Wars: Legion – Dark Troopers,59.99,47.99,47.99,True,True,extra_tags
MSRP!=MAP (extra tags/price),SWQ72,Star Wars: Legion - Clone Commander Cody,39.99,31.99,31.99,True,True,extra_tags
MSRP!=MAP (extra tags/price),SWQ73,Star Wars: Legion – Ewok Warriors,49.99,39.99,49.99,True,True,price_wrong;extra_tags
MSRP!=MAP (extra tags/price),SWQ89,Star Wars: Legion - Range Troopers,49.99,39.99,39.99,True,True,extra_tags
MSRP!=MAP (extra tags/price),SWQ92,Star Wars: Legion -A-A5 Speeder Truck,74.99,59.99,59.99,True,True,extra_tags
MSRP!=MAP (extra tags/price),GC-ENG-CBN-K,Grimcoven Small Box (CB+SG),119.99,95.99,95.99,True,True,extra_tags
MSRP!=MAP (extra tags/price),FS5501,Sanctuary: An Ark Nova Game,59.99,47.99,44.79,False,False,price_wrong
MSRP!=MAP (extra tags/price),CAPGMAMAM1,Map Masters,41.99,33.59,33.59,True,True,extra_tags
MSRP!=MAP (extra tags/price),CN3081,CATAN® – The Game,49.99,39.99,43.99,True,True,price_wrong;extra_tags
MSRP!=MAP (extra tags/price),CN3082,CATAN® – 5-6 Player Expansion,24.99,19.99,23.99,True,True,price_wrong;extra_tags
MSRP!=MAP (extra tags/price),CN3083,CATAN® – Seafarers Expansion,55.99,44.79,44.79,True,True,extra_tags
MSRP!=MAP (extra tags/price),CN3084,CATAN® – Seafarers 5-6 Player Expansion,33.99,27.19,27.19,True,True,extra_tags
MSRP!=MAP (extra tags/price),CN3085,CATAN - Explorers & Pirates Expansion,64.99,51.99,51.99,True,True,extra_tags
MSRP!=MAP (extra tags/price),CN3086,Catan Ext: Explorers and Pirates 5-6 Player  - 6th Edition,37.99,30.39,30.39,True,True,extra_tags
MSRP!=MAP (extra tags/price),CN3087,CATAN® – Cities & Knights Expansion,59.99,47.99,47.99,True,True,extra_tags
MSRP!=MAP (extra tags/price),CN3088,CATAN® – Cities & Knights 5-6 Player Expansion,35.99,28.79,28.79,True,True,extra_tags
MSRP!=MAP (extra tags/price),CN3089,CATAN - Traders and Barbarians New Edition,64.99,51.99,51.99,True,True,extra_tags
MSRP!=MAP (extra tags/price),CN3090,CATAN - Traders and Barbarians 5-6 Player New Edition,37.99,30.39,30.39,True,True,extra_tags
MSRP!=MAP (extra tags/price),CN3105,CATAN - Zip!,24.99,19.99,19.99,True,True,extra_tags
MSRP!=MAP (extra tags/price),CN3143,CATAN – On The Road,9.99,7.99,7.99,True,True,extra_tags
MSRP!=MAP (extra tags/price),CN3281,CATAN® – Base Game Card Accessory™,14.99,11.99,11.99,True,True,extra_tags
MSRP!=MAP (extra tags/price),CN3282,CATAN® – Cities & Knights Cards Accessory™,14.99,11.99,14.99,True,True,price_wrong;extra_tags
MSRP!=MAP (extra tags/price),CN3283,Catan: Traders and Barbarians Game Cards Accessory - New,14.99,11.99,11.99,True,True,extra_tags
MSRP!=MAP (extra tags/price),CLT001,Collect!,15.99,12.79,12.79,True,True,extra_tags
MSRP!=MAP (extra tags/price),HOTSTREAK00,Hot Streak,44.99,39.99,44.99,False,False,price_wrong
MSRP!=MAP (extra tags/price),MONFE00,Monikers: Family Edition,29.99,26.99,23.99,False,False,price_wrong
MSRP!=MAP (extra tags/price),QUACKSREV,Quacks,44.99,39.99,39.99,True,True,extra_tags
MSRP!=MAP (extra tags/price),QUACKSREV-ALL,Quacks - All in Edition,109.99,98.99,98.99,True,True,extra_tags
MSRP!=MAP (extra tags/price),QUACKSREV-DEL,Quacks - Deluxe Edition,64.99,58.49,58.49,True,True,extra_tags
MSRP!=MAP (extra tags/price),WAV01,Wavelength,38.99,34.99,35.09,False,False,price_wrong
MSRP!=MAP (extra tags/price),DOW720037,Ticket to Ride - Northern Lights,54.99,43.99,43.99,True,True,extra_tags
MSRP!=MAP (extra tags/price),DOW7201N,Ticket to Ride Refresh,49.99,39.99,39.99,True,True,extra_tags
MSRP!=MAP (extra tags/price),DOW7301N,Memoir '44 Refresh,69.99,55.99,55.99,True,True,extra_tags
MSRP!=MAP (extra tags/price),DOW9103,Heat: Tunnel Vision,37.99,30.39,30.39,True,True,extra_tags
MSRP!=MAP (extra tags/price),DOW9104,Heat: Rocky Roads,37.99,30.39,30.39,True,True,extra_tags
MSRP!=MAP (extra tags/price),DOWSWB0101EN,Star Wars: Battle Of Hoth,59.99,47.99,47.99,True,True,extra_tags
MSRP!=MAP (extra tags/price),DOT10000,Monkey Palace,41.99,33.59,33.59,True,True,extra_tags
MSRP!=MAP (extra tags/price),DOTGM2-01-01EN,Brick Like This,19.99,15.99,15.99,True,True,extra_tags
MSRP!=MAP (extra tags/price),ESDAK01EN,Dungeons And Kittens RPG Starter Set,39.99,31.99,31.99,True,True,extra_tags
MSRP!=MAP (extra tags/price),ESDAK02EN,Dungeons And Kittens RPG Core Rulebook,49.99,39.99,39.99,True,True,extra_tags
MSRP!=MAP (extra tags/price),ESDPSAH04EN,Arkham Horror RPG - Terra Antartica,59.99,47.99,59.99,False,True,price_wrong;extra_tags
MSRP!=MAP (extra tags/price),AHC100EN,Arkham Horror: The Card Game Core Set - Chapter Two Edition,69.99,55.99,69.99,False,True,price_wrong;extra_tags
MSRP!=MAP (extra tags/price),AHC101EN,Arkham Horror: The Card Game - Tommy Muldoon Investigator Deck,18.99,15.19,15.19,True,True,extra_tags
MSRP!=MAP (extra tags/price),AHC102EN,Arkham Horror: The Card Game - Carolyn Fern Investigator Deck,18.99,15.19,15.19,True,True,extra_tags
MSRP!=MAP (extra tags/price),AHC103EN,Arkham Horror: The Card Game - André Patel Investigator Deck,18.99,15.19,15.19,True,True,extra_tags
MSRP!=MAP (extra tags/price),AHC104EN,Arkham Horror: The Card Game - Marie Lambeau Investigator Deck,18.99,15.19,15.19,True,True,extra_tags
MSRP!=MAP (extra tags/price),AHC105EN,Arkham Horror: The Card Game - Miguel De La Cruz Investigator Deck,18.99,15.19,15.19,True,True,extra_tags
MSRP!=MAP (extra tags/price),AHC84EN,Arkham Horror: The Card Game – The Drowned City Campaign Expansion,74.99,59.99,59.99,True,True,extra_tags
MSRP!=MAP (extra tags/price),AHC85EN,AH LCG: Film Fatale Scenario Pack,23.99,19.19,19.19,True,True,extra_tags
MSRP!=MAP (extra tags/price),MC51EN,Marvel Champions: The Card Game –Black Panther Hero Pack,18.99,15.19,15.19,True,True,extra_tags
MSRP!=MAP (extra tags/price),MC52EN,Marvel Champions: The Card Game –Silk Hero Pack,18.99,15.19,15.19,True,True,extra_tags
MSRP!=MAP (extra tags/price),MC53EN,Marvel Champions: The Card Game - Falcon Hero Pack,18.99,15.19,15.19,True,True,extra_tags
MSRP!=MAP (extra tags/price),MC54EN,Marvel Champions: The Card Game -Winter Soldier Hero Pack,18.99,15.19,15.19,True,True,extra_tags
MSRP!=MAP (extra tags/price),MC55EN,Marvel Champions: The Card Game - Trickster Takeover Scenario Pack,23.99,19.19,19.19,True,True,extra_tags
MSRP!=MAP (extra tags/price),MC57EN,Marvel Champions: The Card Game - Synthezoid Smackdown Scenario Pack,26.99,21.59,21.59,True,True,extra_tags
MSRP!=MAP (extra tags/price),MC58EN,Marvel Champions: The Card Game - Wonder Man Hero Pack,18.99,15.19,15.19,True,True,extra_tags
MSRP!=MAP (extra tags/price),SWG01EN,Star Wars: The Deckbuilding Game,37.99,30.39,33.59,False,False,price_wrong
MSRP!=MAP (extra tags/price),SWG02EN,Star Wars: The Deckbuilding Game – Clone Wars,37.99,30.39,33.59,False,False,price_wrong
MSRP!=MAP (extra tags/price),SWG03EN,Star Wars: The Deckbuilding Game – Mandalorian Faction Pack,17.99,14.39,14.39,True,True,extra_tags
MSRP!=MAP (extra tags/price),GGS20249ML,Arkham Horror: Game Night Chest,119.99,95.99,95.99,True,True,extra_tags
MSRP!=MAP (extra tags/price),GGS40167ML,Arkham Horror: Center Game Mat,39.99,31.99,31.99,True,True,extra_tags
MSRP!=MAP (extra tags/price),GGS40168ML,Arkham Horror: Investigator Game Mat,16.99,13.59,13.59,True,True,extra_tags
MSRP!=MAP (extra tags/price),GGS60178ML,Arkham Horror: Chaos Tokens + Token Bag,34.99,27.99,27.99,True,True,extra_tags
MSRP!=MAP (extra tags/price),GGS60191ML,Arkham Horror: Connector Tokens,17.99,14.39,14.39,True,True,extra_tags
MSRP!=MAP (extra tags/price),HIGCARC06EN,Carcassonne Exp 4: V 3.1 Towers & Thieves,18.99,15.19,15.19,True,True,extra_tags
MSRP!=MAP (extra tags/price),HIGCARC11EN,Carcassonne Exp 10: V 3.1 Circus & Artists,18.99,15.19,15.19,True,True,extra_tags
MSRP!=MAP (extra tags/price),HIGCARCBB0102EN,Carcassonne Big Box 2025 v3.1,69.99,55.99,55.99,True,True,extra_tags
MSRP!=MAP (extra tags/price),HIGSTN0101EN,Duel for Cardia,16.99,13.59,13.59,True,True,extra_tags
MSRP!=MAP (extra tags/price),ZM7810,Carcassonne,39.99,31.99,33.59,False,False,price_wrong
MSRP!=MAP (extra tags/price),LIBMYST2501EN,Mysterium 2025 Refresh,49.99,39.99,39.99,True,True,extra_tags
MSRP!=MAP (extra tags/price),ESG50190EN,Great Western Trail - El Paso,39.99,31.99,31.99,True,True,extra_tags
MSRP!=MAP (extra tags/price),LOG007502EN,Patchwork Revised Edition,29.99,23.99,23.99,True,True,extra_tags
MSRP!=MAP (extra tags/price),LOG0156,Forest Shuffle: Dartmoor,27.99,22.39,22.39,True,True,extra_tags
MSRP!=MAP (extra tags/price),LDNV540001,Coming Of Age,54.99,43.99,43.99,True,True,extra_tags
MSRP!=MAP (extra tags/price),PAN201821,Machi Koro,29.95,23.96,23.96,True,False,extra_tags
MSRP!=MAP (extra tags/price),PAN201905,Machi Koro: The Expansions,29.95,23.96,23.96,True,False,extra_tags
MSRP!=MAP (extra tags/price),PAN202113,Machi Koro 2,29.95,23.96,23.96,True,False,extra_tags
MSRP!=MAP (extra tags/price),PAN202202,Splitter,14.95,4.0,5.0,False,False,price_wrong
MSRP!=MAP (extra tags/price),PANBTPHH,Boxtop Pinball: Haunted House,29.95,20.0,25.0,False,False,price_wrong
MSRP!=MAP (extra tags/price),PANDNCORE,District Noir,14.95,8.0,10.0,False,False,price_wrong
MSRP!=MAP (extra tags/price),PANFINCACORE,Finca,29.95,23.96,23.96,True,False,extra_tags
MSRP!=MAP (extra tags/price),PANGATSCORE,Gatsby,29.95,23.96,29.95,True,True,price_wrong;extra_tags
MSRP!=MAP (extra tags/price),PANKNARRCORE,Knarr,34.95,27.96,27.96,True,False,extra_tags
MSRP!=MAP (extra tags/price),PANMUCORE,Mind Up,14.95,11.96,11.96,True,False,extra_tags
MSRP!=MAP (extra tags/price),PANPIXIECORE,Pixies,17.99,14.36,14.36,True,False,extra_tags
MSRP!=MAP (extra tags/price),PANREFUCORE,Refuge,29.95,23.96,29.95,True,False,price_wrong;extra_tags
MSRP!=MAP (extra tags/price),PANRIVAGCORE,Rivages,24.95,19.96,24.95,True,False,price_wrong;extra_tags
MSRP!=MAP (extra tags/price),PANSHACKEXP01,Shackleton Base: Below. Within. Above.,49.99,49.95,49.95,True,True,extra_tags
MSRP!=MAP (extra tags/price),PANSSAPCORE,Sea Salt and Paper,17.95,14.36,17.95,True,False,price_wrong;extra_tags
MSRP!=MAP (extra tags/price),PANSSAPEXP02,Sea Salt and Paper: Extra Pepper,9.95,7.96,9.95,True,False,price_wrong;extra_tags
MSRP!=MAP (extra tags/price),NM6010,Azul,39.99,31.99,34.39,False,False,price_wrong
MSRP!=MAP (extra tags/price),NMG60160EN,Azul Duel EN,29.99,23.99,23.99,True,True,extra_tags
MSRP!=MAP (extra tags/price),NMG60200EN,All in - Predictions,21.99,17.59,17.59,True,True,extra_tags
MSRP!=MAP (extra tags/price),TFEVE01,EVE: War for New Eden - Core Box,164.99,131.99,131.99,True,True,extra_tags
MSRP!=MAP (extra tags/price),REGAR0101EN,Pergola,49.99,39.99,49.99,True,True,price_wrong;extra_tags
MSRP!=MAP (extra tags/price),TOY-EN01,Toy Battle,32.99,26.39,32.99,True,True,price_wrong;extra_tags
MSRP!=MAP (extra tags/price),SCRVL0101EN,Dnup,14.99,11.99,11.99,True,True,extra_tags
MSRP!=MAP (extra tags/price),SCSPL03EN,Splendor: The Silk Road Expansion,18.99,15.19,15.19,True,True,extra_tags
MSRP!=MAP (extra tags/price),SCSPL04EN,Splendor: The Sun Never Sets Expansion,18.99,15.19,15.19,True,True,extra_tags
MSRP!=MAP (extra tags/price),CHI-FSB-001-007,Fortunes of Scoundrel Bay,64.99,51.99,51.99,True,True,extra_tags
MSRP!=MAP (extra tags/price),GRL-FEY-001-645,Feya's Swamp,49.99,39.99,39.99,True,True,extra_tags
MSRP!=MAP (extra tags/price),KOL-INI-001-477,Inis -3rd Edition,79.99,63.99,63.99,True,True,extra_tags
MSRP!=MAP (extra tags/price),UGCSV0101EN,Cozy Stickerville,39.99,31.99,39.99,False,True,price_wrong;extra_tags
MSRP!=MAP (extra tags/price),ZMGLLF0101EN,Arkham Horror Lovecraft Letter,16.99,13.59,13.59,True,True,extra_tags
MSRP!=MAP (extra tags/price),ZMGLLS0101EN,Love Letter Classic (Eco Box),15.99,12.79,12.79,True,True,extra_tags
MSRP!=MAP (extra tags/price),ZMGPSM0101EN,The Lord of the Rings: Fate of the Fellowship,79.99,63.99,63.99,True,True,extra_tags
MSRP!=MAP (extra tags/price),MIB01NR,Mille Bornes,15.99,12.79,13.59,False,False,price_wrong
MSRP!=MAP (extra tags/price),ZYGDOBGI0201ML1,Spot It! Giant ML,27.99,22.39,22.39,True,True,extra_tags
MSRP!=MAP (extra tags/price),ZYGTIM0101EN,Timeline 2025 Refresh,12.99,10.39,10.39,True,True,extra_tags
MSRP!=MAP (extra tags/price),ZYGTIM0201EN,Timeline Games & Leisure,12.99,10.39,10.39,True,True,extra_tags
NOT FOUND IN SHOPIFY,CP217,Marvel: Crisis Protocol  Dormammu Ultimate Encounter,79.99,63.99,,,,
NOT FOUND IN SHOPIFY,CP219,Marvel: Crisis Protocol - Defenders Affiliation Pack,69.99,55.99,,,,
NOT FOUND IN SHOPIFY,MCP08,"Marvel Crisis Protocol  Mirage, Havok, Jubilee & Multiple Man",69.99,69.99,,,,
NOT FOUND IN SHOPIFY,MCP17,"Marvel: Crisis Protocol  Leader, Red Hulk & Sensational She-Hulk",79.99,79.99,,,,
NOT FOUND IN SHOPIFY,MCP20,Marvel Crisis Protocol  Criminal Underworld,64.99,64.99,,,,
NOT FOUND IN SHOPIFY,MCP22,Marvel Crisis Protocol  Avengers Brains & Brawn Character Pack,69.99,69.99,,,,
NOT FOUND IN SHOPIFY,SWQ141,Star Wars: Legion - Jedi General on BARC Speeder,69.99,69.99,,,,
NOT FOUND IN SHOPIFY,SWQ26,Star Wars: Legion  Republic Clone Commandos,29.99,23.99,,,,
NOT FOUND IN SHOPIFY,SWQ33,Star Wars: Legion - AAT Battle Tank,69.99,55.99,,,,
NOT FOUND IN SHOPIFY,SWQ39,"Star Wars: Legion  Cassian Andor, Jyn Erso & K-2SO",34.99,27.99,,,,
NOT FOUND IN SHOPIFY,SWQ57,Star Wars: Legion - Scoundrel Han & Chewie,34.99,34.99,,,,
NOT FOUND IN SHOPIFY,SWQ70,Star Wars: Legion  Pyke Syndicate Foot Soliders,45.99,45.99,,,,
NOT FOUND IN SHOPIFY,SWQ96,Star Wars: Legion  NR-N99 Persuader Droid,79.99,79.99,,,,
NOT FOUND IN SHOPIFY,ABTOW01,Wandering Towers,44.99,35.99,,,,
NOT FOUND IN SHOPIFY,BB-01,Beer & Bread,34.99,27.99,,,,
NOT FOUND IN SHOPIFY,FG1001-01,Watergate,34.99,27.99,,,,
NOT FOUND IN SHOPIFY,FS5100,Ark Nova,79.99,63.99,,,,
NOT FOUND IN SHOPIFY,FS5101,Ark Nova: Zoo Map Pack 1,9.99,7.99,,,,
NOT FOUND IN SHOPIFY,FS5102,Ark Nova: Zoo Map Pack 2,9.99,7.99,,,,
NOT FOUND IN SHOPIFY,FS5120,Ark Nova: Marine Worlds,34.99,27.99,,,,
NOT FOUND IN SHOPIFY,PAG01,Pagan: Fate of Roanoke,44.99,35.99,,,,
NOT FOUND IN SHOPIFY,PAG01-WT,Pagan: Fate of Roanoke: Wooden Tokens,19.99,15.99,,,,
NOT FOUND IN SHOPIFY,PAG02,Pagan: Beyond the Palisades,29.99,23.99,,,,
NOT FOUND IN SHOPIFY,PAG-CP-01,Pagan: Trials of Old - Content Pack #1,14.99,11.99,,,,
NOT FOUND IN SHOPIFY,PAG-CP-02,Pagan: Close Encounters - Content Pack #2,14.99,11.99,,,,
NOT FOUND IN SHOPIFY,PAG-CP-03,Pagan: Mind Games - Content Pack #3,14.99,11.99,,,,
NOT FOUND IN SHOPIFY,PAG-CP-04,Pagan: Ancestors - Content Pack #4,14.99,11.99,,,,
NOT FOUND IN SHOPIFY,POM01,Pirates of Maracaibo,49.99,39.99,,,,
NOT FOUND IN SHOPIFY,PTP01,Pondscape,19.99,15.99,,,,
NOT FOUND IN SHOPIFY,FUZZIES-MM,The Fuzzies,15.99,14.39,,,,
NOT FOUND IN SHOPIFY,MON00REV,Monikers,29.99,26.99,,,,
NOT FOUND IN SHOPIFY,CGE00067,Lost Ruins of Arnak: The Missing Expedition,29.95,29.95,,,,
NOT FOUND IN SHOPIFY,CGE00125,Codenames,24.99,24.99,,,,
NOT FOUND IN SHOPIFY,CGE00126,Codenames: Duet,24.99,24.99,,,,
NOT FOUND IN SHOPIFY,DOW7202N,Ticket to Ride: Europe,49.99,39.99,,,,
NOT FOUND IN SHOPIFY,DOW7901,Small World,65.99,52.79,,,,
NOT FOUND IN SHOPIFY,DOW910251,Heat: Legends,18.99,18.99,,,,
NOT FOUND IN SHOPIFY,DWD01000,Dune: Imperium,55.0,55.0,,,,
NOT FOUND IN SHOPIFY,DWD01008,Dune: Imperium - Rise of Ix,40.0,40.0,,,,
NOT FOUND IN SHOPIFY,DWD01012,Dune: Imperium - Immortality,30.0,30.0,,,,
NOT FOUND IN SHOPIFY,DWD01015,Dune: Imperium - Uprising,60.0,60.0,,,,
NOT FOUND IN SHOPIFY,DWD02006,Clank! Catacombs,60.0,60.0,,,,
NOT FOUND IN SHOPIFY,ANPACORE6,Anarchy Pancakes,13.99,9.99,,,,
NOT FOUND IN SHOPIFY,ANPA-TIN-6,Anarchy Pancakes (Tin Edition),14.99,14.99,,,,
NOT FOUND IN SHOPIFY,BOBA-CORE-3,Boba Blast,19.99,19.99,,,,
NOT FOUND IN SHOPIFY,BWIC-CORE-4,Best Worst Ice Cream,14.99,9.99,,,,
NOT FOUND IN SHOPIFY,COY-SM-CORE-6,Coyote,9.99,9.99,,,,
NOT FOUND IN SHOPIFY,DANG-CORE-4,Danger Danger,14.99,7.5,,,,
NOT FOUND IN SHOPIFY,EKG-BG-3,Exploding Kittens: The Board Game,24.99,19.99,,,,
NOT FOUND IN SHOPIFY,EKGGVSE06,Exploding Kittens: Good vs Evil,21.99,21.99,,,,
NOT FOUND IN SHOPIFY,EKG-ORG-6T,Exploding Kittens Original Edition,19.99,19.99,,,,
NOT FOUND IN SHOPIFY,EKG-RAGE-3,Exploding Kittens Rage Mode,19.99,19.99,,,,
NOT FOUND IN SHOPIFY,EKG-RFD-3,Recipes for Disaster,24.99,24.99,,,,
NOT FOUND IN SHOPIFY,EKG-ZOMB-6,Zombie Kittens,20.99,20.99,,,,
NOT FOUND IN SHOPIFY,EKPP1,Exploding Kittens Party Pack,29.99,24.99,,,,
NOT FOUND IN SHOPIFY,EXPI-CORE-3,Exploding Pigeon,19.99,19.99,,,,
NOT FOUND IN SHOPIFY,FASF-CORE-4,FAST FRIENDS,19.99,19.99,,,,
NOT FOUND IN SHOPIFY,GMTF-CORE-3,GIANTS MOVING TINY FURNITURE,19.99,19.99,,,,
NOT FOUND IN SHOPIFY,HOCO-MASS-3,Horrible Couple,19.99,19.99,,,,
NOT FOUND IN SHOPIFY,HOTH-HOL-3,Horrible Therapist Holiday,14.99,14.99,,,,
NOT FOUND IN SHOPIFY,HOTH-MASS-3,Horrible Therapist,19.99,19.99,,,,
NOT FOUND IN SHOPIFY,HS-CORE-1,Happy Salmon,12.99,9.99,,,,
NOT FOUND IN SHOPIFY,HS-HOP-4,Hoppy Salmon,9.99,9.99,,,,
NOT FOUND IN SHOPIFY,HS-IMP-8,Happy Salmon: Grab and Game,9.99,9.99,,,,
NOT FOUND IN SHOPIFY,HUCB-CORE-4,Hurry Up Chicken Butt,19.99,19.99,,,,
NOT FOUND IN SHOPIFY,ISAD-CORE-3,I Suck At Drawing,19.99,19.99,,,,
NOT FOUND IN SHOPIFY,LISE-CORE-4,Little Secret,19.99,19.99,,,,
NOT FOUND IN SHOPIFY,LOUDCORE04,Really Loud Librarians,19.99,14.99,,,,
NOT FOUND IN SHOPIFY,MMF-CORE-4,Match My Freak,24.99,24.99,,,,
NOT FOUND IN SHOPIFY,MOMA-CORE-3,Monster Match,14.99,14.99,,,,
NOT FOUND IN SHOPIFY,MRTN-CORE-4,My Parents Might Be Martians,14.99,9.99,,,,
NOT FOUND IN SHOPIFY,NILI-CORE-6,9 Lives,9.99,9.99,,,,
NOT FOUND IN SHOPIFY,NOLO-CORE-4,No Loyalty,19.99,19.99,,,,
NOT FOUND IN SHOPIFY,PHP-CORE-4,Power Hungry Pets,14.99,14.99,,,,
NOT FOUND IN SHOPIFY,PHP-TIN-6,Power Hungry Pets (Tin Version),14.99,14.99,,,,
NOT FOUND IN SHOPIFY,PIGR-CORE-3,Pickle Grab,19.99,19.99,,,,
NOT FOUND IN SHOPIFY,RPG-CORE-3,Roly Poly Goalie,19.99,19.99,,,,
NOT FOUND IN SHOPIFY,RYG-SM-6,Row Your Goat,9.99,9.99,,,,
NOT FOUND IN SHOPIFY,SACK-CORE-4,You Lying Sack,19.99,14.99,,,,
NOT FOUND IN SHOPIFY,SMAS-CORE-3,Sell Me A Sasquatch,19.99,19.99,,,,
NOT FOUND IN SHOPIFY,SURV-CORE-3,SURVIVOR: The Tribe Has Spoken,19.99,19.99,,,,
NOT FOUND IN SHOPIFY,SURV-ROCK-3,Survivor: Let's Go to Rocks,19.99,19.99,,,,
NOT FOUND IN SHOPIFY,SWRD-CORE-SM-3,Let's Hit Each Other With Fake Swords,24.99,24.99,,,,
NOT FOUND IN SHOPIFY,THBK-CORE-4,I Want My Teeth Back,19.99,14.99,,,,
NOT FOUND IN SHOPIFY,THES-CORE-4,That Escalated Quickly,19.99,19.99,,,,
NOT FOUND IN SHOPIFY,THES-IMP-8,That Esclated Quickly: Grab and Game,9.99,9.99,,,,
NOT FOUND IN SHOPIFY,TTB00,Throw Throw Burrito,24.99,19.99,,,,
NOT FOUND IN SHOPIFY,TTB-ZOMB-3,Zombie Burrito,24.99,19.99,,,,
NOT FOUND IN SHOPIFY,WMBT-CORE-4,Hand-to-Hand Wombat,25.99,17.99,,,,
NOT FOUND IN SHOPIFY,WWYT-CORE-3,What Were You Thinking?,19.99,19.99,,,,
NOT FOUND IN SHOPIFY,WYLT-CORE-4,Why Are You Like This,19.99,19.99,,,,
NOT FOUND IN SHOPIFY,WYLT-IMPD-8,Why Are You Like This (Date Night Edition): Grab and Game,9.99,9.99,,,,
NOT FOUND IN SHOPIFY,WYLT-IMPP-8,Why Are You Like This (Party Edition): Grab and Games,9.99,9.99,,,,
NOT FOUND IN SHOPIFY,YLST-CORE-4,You Little Stinker,19.99,19.99,,,,
NOT FOUND IN SHOPIFY,AHC107EN,Arkham Horror: The Card Game  Traces to Nowhere Scenario Pack,23.99,23.99,,,,
NOT FOUND IN SHOPIFY,MC63EN,Marvel Champions: The Card Game - Elektra Hero Pack,18.99,18.99,,,,
NOT FOUND IN SHOPIFY,MC64EN,Marvel Champions: The Card Game - Iron Fist Hero Pack,18.99,18.99,,,,
NOT FOUND IN SHOPIFY,MC65EN,Marvel Champions: The Card Game - Shadowland Scenario Pack,26.99,26.99,,,,
NOT FOUND IN SHOPIFY,GG2036,Dungeon Deck Box 1100+ Midnight Gray,74.99,59.99,,,,
NOT FOUND IN SHOPIFY,GGS10190ML,Board Game Sleeves Mini American Clear Matte,3.99,3.99,,,,
NOT FOUND IN SHOPIFY,GGS15157ML,"Magic: The Gathering | Marvel Super Heroes Premium Art Sleeves - Captain America, Team Leader",17.99,17.99,,,,
NOT FOUND IN SHOPIFY,GGS15158ML,Magic: The Gathering | Marvel Super Heroes Premium Art Sleeves - Black Panther,17.99,17.99,,,,
NOT FOUND IN SHOPIFY,GGS15159ML,Magic: The Gathering | Marvel Super Heroes Premium Art Sleeves - The Fantastic Four,17.99,17.99,,,,
NOT FOUND IN SHOPIFY,GGS15160ML,Magic: The Gathering | Marvel Super Heroes Premium Art Sleeves - Loki Laufeyson,17.99,17.99,,,,
NOT FOUND IN SHOPIFY,GGS15161ML,Magic: The Gathering | Marvel Super Heroes Premium Art Sleeves - Go Nuts!,17.99,17.99,,,,
NOT FOUND IN SHOPIFY,GGS15163ML,Magic: The Gathering | Marvel Super Heroes Premium Art Sleeves - Galactus Token,17.99,17.99,,,,
NOT FOUND IN SHOPIFY,GGS15165ML,Magic: The Gathering | Marvel Super Heroes Premium Double Sleeving Pack 100 - Comic Burst Red,19.99,19.99,,,,
NOT FOUND IN SHOPIFY,GGS15168ML,Star Wars: Unlimited Premium Art Sleeves - Jedi Luke Skywalker,9.99,9.99,,,,
NOT FOUND IN SHOPIFY,GGS15169ML,Star Wars: Unlimited Premium Art Sleeves - Emperor Palpatine,9.99,9.99,,,,
NOT FOUND IN SHOPIFY,GGS15170ML,Star Wars: Unlimited Premium Art Sleeves - The Armorer,9.99,9.99,,,,
NOT FOUND IN SHOPIFY,GGS15171ML,Star Wars: Unlimited Premium Art Sleeves - Cad Bane,9.99,9.99,,,,
NOT FOUND IN SHOPIFY,GGS15172ML,Star Wars: Unlimited Premium Art Sleeves - Unlimited Pattern White,12.99,12.99,,,,
NOT FOUND IN SHOPIFY,GGS15173ML,Star Wars: Unlimited Premium Art Sleeves - Chewbacca,12.99,12.99,,,,
NOT FOUND IN SHOPIFY,GGS15174ML,Star Wars: Unlimited Premium Art Sleeves - Grand Moff Tarkin,12.99,12.99,,,,
NOT FOUND IN SHOPIFY,GGS15175ML,Star Wars: Unlimited Premium Art Sleeves - Wicket,12.99,12.99,,,,
NOT FOUND IN SHOPIFY,GGS15176ML,Star Wars: Unlimited Premium Art Sleeves - Jar Jar Binks,12.99,12.99,,,,
NOT FOUND IN SHOPIFY,GGS15177ML,Magic: The Gathering | Reality Fracture Premium Art Sleeves - Planeswalker 1,17.99,17.99,,,,
NOT FOUND IN SHOPIFY,GGS15178ML,Magic: The Gathering | Reality Fracture Premium Art Sleeves - Planeswalker 2,17.99,17.99,,,,
NOT FOUND IN SHOPIFY,GGS15179ML,Magic: The Gathering | Reality Fracture Premium Art Sleeves - Planeswalker 3,17.99,17.99,,,,
NOT FOUND IN SHOPIFY,GGS15180ML,Magic: The Gathering | Reality Fracture Premium Art Sleeves - Planeswalker 4,17.99,17.99,,,,
NOT FOUND IN SHOPIFY,GGS15181ML,Magic: The Gathering | Reality Fracture Premium Art Sleeves - Planeswalker 5,17.99,17.99,,,,
NOT FOUND IN SHOPIFY,GGS15182ML,Magic: The Gathering | Reality Fracture Premium Art Sleeves - Planeswalker 6,17.99,17.99,,,,
NOT FOUND IN SHOPIFY,GGS15183ML,Magic: The Gathering | Reality Fracture Premium Art Sleeves - Planeswalker 7,17.99,17.99,,,,
NOT FOUND IN SHOPIFY,GGS15184ML,Magic: The Gathering | The Hobbit Premium Art Sleeves - Smaug the Golden,17.99,17.99,,,,
NOT FOUND IN SHOPIFY,GGS15185ML,Magic: The Gathering | The Hobbit Premium Art Sleeves - My Precious,17.99,17.99,,,,
NOT FOUND IN SHOPIFY,GGS15186ML,"Magic: The Gathering | The Hobbit Premium Art Sleeves - Gandalf, Shadow's Foe",17.99,17.99,,,,
NOT FOUND IN SHOPIFY,GGS15187ML,Magic: The Gathering | The Hobbit Premium Art Sleeves - The Shire,17.99,17.99,,,,
NOT FOUND IN SHOPIFY,GGS15188ML,Magic: The Gathering | The Hobbit Premium Art Sleeves - On an Adventure,17.99,17.99,,,,
NOT FOUND IN SHOPIFY,GGS15189ML,"Magic: The Gathering | The Hobbit Premium Art Sleeves - Gollum, Riddle Master",17.99,17.99,,,,
NOT FOUND IN SHOPIFY,GGS15190ML,"Magic: The Gathering | The Hobbit Premium Art Sleeves - Thranduil, Sindarin Liege",17.99,17.99,,,,
NOT FOUND IN SHOPIFY,GGS15191ML,"Magic: The Gathering | The Hobbit Premium Art Sleeves - Thorin, Mountain-King",17.99,17.99,,,,
NOT FOUND IN SHOPIFY,GGS15192ML,Magic: The Gathering | The Hobbit Premium Art Sleeves - Goblin Army Token,17.99,17.99,,,,
NOT FOUND IN SHOPIFY,GGS15193ML,Magic: The Gathering | The Hobbit Premium Art Sleeves - Head of the Hunt,17.99,17.99,,,,
NOT FOUND IN SHOPIFY,GGS15199ML,Magic: The Gathering | Nauctis: The Sunken Realm Premium Art Sleeves - Commander 1,17.99,17.99,,,,
NOT FOUND IN SHOPIFY,GGS15200ML,Magic: The Gathering | Nauctis: The Sunken Realm Premium Art Sleeves - Commander 2,17.99,17.99,,,,
NOT FOUND IN SHOPIFY,GGS15201ML,Magic: The Gathering | Nauctis: The Sunken Realm Premium Art Sleeves - Commander 3,17.99,17.99,,,,
NOT FOUND IN SHOPIFY,GGS15202ML,Magic: The Gathering | Nauctis: The Sunken Realm Premium Art Sleeves - Commander 4,17.99,17.99,,,,
NOT FOUND IN SHOPIFY,GGS15203ML,Magic: The Gathering | Nauctis: The Sunken Realm Premium Art Sleeves - Commander 5,17.99,17.99,,,,
NOT FOUND IN SHOPIFY,GGS15204ML,Magic: The Gathering | Nauctis: The Sunken Realm Premium Art Sleeves - Commander 6,17.99,17.99,,,,
NOT FOUND IN SHOPIFY,GGS15205ML,Magic: The Gathering | Nauctis: The Sunken Realm Premium Art Sleeves - Commander 7,17.99,17.99,,,,
NOT FOUND IN SHOPIFY,GGS15206ML,Magic: The Gathering | Nauctis: The Sunken Realm Premium Art Sleeves - Commander 8,17.99,17.99,,,,
NOT FOUND IN SHOPIFY,GGS15207ML,Magic: The Gathering | Nauctis: The Sunken Realm Premium Art Sleeves - Planeswalker 1,17.99,17.99,,,,
NOT FOUND IN SHOPIFY,GGS15208ML,Magic: The Gathering | Nauctis: The Sunken Realm Premium Art Sleeves - Planeswalker 2,17.99,17.99,,,,
NOT FOUND IN SHOPIFY,GGS15209ML,Magic: The Gathering | Nauctis: The Sunken Realm Premium Art Sleeves - Planeswalker 3,17.99,17.99,,,,
NOT FOUND IN SHOPIFY,GGS15210ML,Magic: The Gathering | Nauctis: The Sunken Realm Premium Art Sleeves - Artifact 1,17.99,17.99,,,,
NOT FOUND IN SHOPIFY,GGS15211ML,Magic: The Gathering | Nauctis: The Sunken Realm Premium Art Sleeves - Shoals Collective Visage,17.99,17.99,,,,
NOT FOUND IN SHOPIFY,GGS20179ML,The Academic 133+ XL Black/Black,55.99,44.79,,,,
NOT FOUND IN SHOPIFY,GGS20180ML,The Academic 133+ XL Purple/Purple,55.99,44.79,,,,
NOT FOUND IN SHOPIFY,GGS20181ML,The Academic 133+ XL Community Choice,55.99,44.79,,,,
NOT FOUND IN SHOPIFY,GGS20182ML,The Academic 266+ XL Black/Purple,94.99,75.99,,,,
NOT FOUND IN SHOPIFY,GGS20183ML,The Academic 133+ XL Black/Purple,55.99,44.79,,,,
NOT FOUND IN SHOPIFY,GGS20184ML,The Academic 133+ XL Teal/Pink,55.99,44.79,,,,
NOT FOUND IN SHOPIFY,GGS20185ML,Sidekick Pro 100+ XL Convertible Black,39.99,31.99,,,,
NOT FOUND IN SHOPIFY,GGS20186ML,SideKick Pro 100+ XL Convertible Blue,39.99,31.99,,,,
NOT FOUND IN SHOPIFY,GGS20187ML,Sidekick Pro 100+ XL Convertible Red,39.99,31.99,,,,
NOT FOUND IN SHOPIFY,GGS20188ML,Sidekick Pro 100+ XL Convertible Green,39.99,31.99,,,,
NOT FOUND IN SHOPIFY,GGS20189ML,Sidekick Pro 100+ XL Convertible White,39.99,31.99,,,,
NOT FOUND IN SHOPIFY,GGS20227ML,Squire 100+ XL Convertible Teal/Pink,24.99,19.99,,,,
NOT FOUND IN SHOPIFY,GGS20228ML,Sidekick 100+ XL Teal/Pink,24.99,19.99,,,,
NOT FOUND IN SHOPIFY,GGS20229ML,Watchtower 100+ XL Convertible Teal/Pink,39.99,31.99,,,,
NOT FOUND IN SHOPIFY,GGS20230ML,Stronghold 200+ XL Convertible Teal/Pink,55.99,44.79,,,,
NOT FOUND IN SHOPIFY,GGS20231ML,Dungeon PRO,84.99,67.99,,,,
NOT FOUND IN SHOPIFY,GGS20232ML,Collectors' Lair 2000+,69.99,55.99,,,,
NOT FOUND IN SHOPIFY,GGS20237ML,Squire Plus 100+ XL Convertible Teal/Pink,31.99,25.59,,,,
NOT FOUND IN SHOPIFY,GGS20238ML,Sidekick Pro 100+ XL Convertible Teal/Pink,39.99,31.99,,,,
NOT FOUND IN SHOPIFY,GGS20263ML,Magic: The Gathering | Marvel Super Heroes Squire 100+ XL - Marvel Age,28.99,28.99,,,,
NOT FOUND IN SHOPIFY,GGS20264ML,Magic: The Gathering | Marvel Super Heroes Squire 100+ XL - Doctor Doom,28.99,28.99,,,,
NOT FOUND IN SHOPIFY,GGS20265ML,Magic: The Gathering | Marvel Super Heroes Sidekick PRO 100+ XL - Marvel Super Heroes,42.99,42.99,,,,
NOT FOUND IN SHOPIFY,GGS20266ML,Magic: The Gathering | Marvel Super Heroes Sidekick PRO 100+ XL - Doom Reigns Supreme/Loki Laufeyson,42.99,42.99,,,,
NOT FOUND IN SHOPIFY,GGS20267ML,Star Wars: Unlimited Deck Pod - The Mandalorian & Grogu,39.99,39.99,,,,
NOT FOUND IN SHOPIFY,GGS20268ML,Star Wars: Unlimited Deck Pod - Jedi Luke Skywalker & Emperor Palpatine,39.99,39.99,,,,
NOT FOUND IN SHOPIFY,GGS20269ML,Star Wars: Unlimited Double Deck Pod - Star Destroyers,67.99,67.99,,,,
NOT FOUND IN SHOPIFY,GGS20270ML,Star Wars: Unlimited Deck Pod - Darth Vader & Grand Moff Tarkin,39.99,39.99,,,,
NOT FOUND IN SHOPIFY,GGS20271ML,Star Wars: Unlimited Deck Pod - Ewoks,39.99,39.99,,,,
NOT FOUND IN SHOPIFY,GGS20272ML,Star Wars: Unlimited Cards' Shuttle,49.99,49.99,,,,
NOT FOUND IN SHOPIFY,GGS20273ML,Magic: The Gathering | Reality Fracture Squire PLUS 100+ XL - Planeswalker 1,36.99,36.99,,,,
NOT FOUND IN SHOPIFY,GGS20274ML,Magic: The Gathering | Reality Fracture Sidekick PRO 100+ XL - Alternative Faction logo 1,42.99,42.99,,,,
NOT FOUND IN SHOPIFY,GGS20275ML,Magic: The Gathering | Reality Fracture Sidekick PRO 100+ XL - Alternative Faction logo 2,42.99,42.99,,,,
NOT FOUND IN SHOPIFY,GGS20276ML,Magic: The Gathering | Reality Fracture Sidekick PRO 100+ XL - Alternative Faction logo 3,42.99,42.99,,,,
NOT FOUND IN SHOPIFY,GGS20277ML,Magic: The Gathering | Reality Fracture Sidekick PRO 100+ XL - Alternative Faction logo 4,42.99,42.99,,,,
NOT FOUND IN SHOPIFY,GGS20278ML,Magic: The Gathering | Reality Fracture Sidekick PRO 100+ XL - Alternative Faction logo 5,42.99,42.99,,,,
NOT FOUND IN SHOPIFY,GGS20279ML,"Magic: The Gathering | The Hobbit Squire 80+ XL - Gollum, Riddle Master/The Lonely Mountain",25.99,25.99,,,,
NOT FOUND IN SHOPIFY,GGS20280ML,"Magic: The Gathering | The Hobbit Squire 80+ XL - The Arkenstone/Smaug, Worm of Dread",25.99,25.99,,,,
NOT FOUND IN SHOPIFY,GGS20281ML,Magic: The Gathering | The Hobbit Squire 80+ XL - Gleaming Splendor/The King of Dale,25.99,25.99,,,,
NOT FOUND IN SHOPIFY,GGS20282ML,"Magic: The Gathering | The Hobbit Squire 80+ XL - Gandalf, Goblin's Bane/The Lord of the Eagles",25.99,25.99,,,,
NOT FOUND IN SHOPIFY,GGS20283ML,"Magic: The Gathering | The Hobbit Squire 80+ XL - Thranduil, the Elvenking/The Mountain-King",25.99,25.99,,,,
NOT FOUND IN SHOPIFY,GGS20284ML,Magic: The Gathering | The Hobbit Squire PLUS 100+ XL - Battle of Goblin-Town,36.99,36.99,,,,
NOT FOUND IN SHOPIFY,GGS20285ML,Magic: The Gathering | The Hobbit Squire PLUS 100+ XL - The Queen of Dale,36.99,36.99,,,,
NOT FOUND IN SHOPIFY,GGS20286ML,Magic: The Gathering | The Hobbit Sidekick PRO 100+ XL - Battle of Five Armies,42.99,42.99,,,,
NOT FOUND IN SHOPIFY,GGS20287ML,"Magic: The Gathering | The Hobbit Sidekick PRO 100+ XL - Bard, King of Dale/Smaug, Wicked Worm",42.99,42.99,,,,
NOT FOUND IN SHOPIFY,GGS20288ML,Magic: The Gathering | The Hobbit Treasure Trove - The Treasure of Smaug,54.99,54.99,,,,
NOT FOUND IN SHOPIFY,GGS20292ML,Magic: The Gathering | Nauctis: The Sunken Realm Squire PLUS 100+ XL - Commander 1,36.99,36.99,,,,
NOT FOUND IN SHOPIFY,GGS20293ML,Magic: The Gathering | Nauctis: The Sunken Realm Squire PLUS 100+ XL - Commander 4,36.99,36.99,,,,
NOT FOUND IN SHOPIFY,GGS20294ML,Magic: The Gathering | Nauctis: The Sunken Realm Squire PLUS 100+ XL - Commander 6,36.99,36.99,,,,
NOT FOUND IN SHOPIFY,GGS20295ML,Magic: The Gathering | Nauctis: The Sunken Realm Squire PLUS 100+ XL - Commander 7,36.99,36.99,,,,
NOT FOUND IN SHOPIFY,GGS20296ML,Magic: The Gathering | Nauctis: The Sunken Realm Sidekick PRO 100+ XL - Fight Scene 2/Villain 1,42.99,42.99,,,,
NOT FOUND IN SHOPIFY,GGS20297ML,Magic: The Gathering | Nauctis: The Sunken Realm Dungeon S 550+ - Submarine City,54.99,54.99,,,,
NOT FOUND IN SHOPIFY,GGS20298ML,Magic: The Gathering | Nauctis: The Sunken Realm Dungeon S 550+ - Ocean Creature 4/Ocean Creature 5,54.99,54.99,,,,
NOT FOUND IN SHOPIFY,GGS22036ML,Game Castle Black/Green,59.99,47.99,,,,
NOT FOUND IN SHOPIFY,GGS22038ML,Game Castle Black/White/Clear,59.99,47.99,,,,
NOT FOUND IN SHOPIFY,GGS22065ML,Magic: The Gathering | Marvel Super Heroes Bastion 100+ XL - Comic Burst Black,22.99,22.99,,,,
NOT FOUND IN SHOPIFY,GGS22066ML,Magic: The Gathering | Marvel Super Heroes Bastion 100+ XL - Comic Burst Red,22.99,22.99,,,,
NOT FOUND IN SHOPIFY,GGS22067ML,Magic: The Gathering | Reality Fracture Bastion 100+ XL - Charging Planeswalkers,22.99,22.99,,,,
NOT FOUND IN SHOPIFY,GGS22068ML,Magic: The Gathering | The Hobbit Bastion 80+ XL - The Shire,19.99,19.99,,,,
NOT FOUND IN SHOPIFY,GGS22069ML,Magic: The Gathering | The Hobbit Bastion 80+ XL - Smaug the Golden,19.99,19.99,,,,
NOT FOUND IN SHOPIFY,GGS22070ML,Magic: The Gathering | The Hobbit Bastion 100+ XL - My Precious,22.99,22.99,,,,
NOT FOUND IN SHOPIFY,GGS22071ML,Magic: The Gathering | The Hobbit Bastion 100+ XL - The Great Goblin,22.99,22.99,,,,
NOT FOUND IN SHOPIFY,GGS22073ML,Magic: The Gathering | Nauctis: The Sunken Realm Bastion 80+ XL - Shoals Collective Visage,19.99,19.99,,,,
NOT FOUND IN SHOPIFY,GGS22074ML,Magic: The Gathering | Nauctis: The Sunken Realm Bastion 100+ XL - Underwater Scenery 4,22.99,22.99,,,,
NOT FOUND IN SHOPIFY,GGS22075ML,Magic: The Gathering | Nauctis: The Sunken Realm Bastion 100+ XL - Merfolk 1,22.99,22.99,,,,
NOT FOUND IN SHOPIFY,GGS25173ML,Magic: The Gathering | Marvel Super Heroes Soft Crate 100+ XL Sideloading - The Fantastic Four/Go Nu,9.99,9.99,,,,
NOT FOUND IN SHOPIFY,GGS25175ML,Star Wars: Unlimited Double Soft Crate - Unlimited Pattern White,10.99,10.99,,,,
NOT FOUND IN SHOPIFY,GGS25176ML,Star Wars: Unlimited Soft Crate - Jar Jar Binks,8.99,8.99,,,,
NOT FOUND IN SHOPIFY,GGS25177ML,Magic: The Gathering | Reality Fracture Soft Dynacrate 100+ XL - Planeswalker Fighting Scene,12.99,12.99,,,,
NOT FOUND IN SHOPIFY,GGS25178ML,Magic: The Gathering | Reality Fracture Soft Crate 100+ XL Sideloading - Planeswalker 3 (alt design),9.99,9.99,,,,
NOT FOUND IN SHOPIFY,GGS25179ML,Magic: The Gathering | The Hobbit Soft Dynacrate 100+ XL - Riddles in the Dark,12.99,12.99,,,,
NOT FOUND IN SHOPIFY,GGS25180ML,Magic: The Gathering | The Hobbit Soft Crate 80+ - Leaving Hobbiton/Troop of Ponies,8.99,8.99,,,,
NOT FOUND IN SHOPIFY,GGS25181ML,Magic: The Gathering | Nauctis: The Sunken Realm Soft Dynacrate 100+ XL - Planeswalker 1/Planeswalke,12.99,12.99,,,,
NOT FOUND IN SHOPIFY,GGS25182ML,Magic: The Gathering | Nauctis: The Sunken Realm Soft Crate 100+ XL Sideloading - Fight Scene 1,9.99,9.99,,,,
NOT FOUND IN SHOPIFY,GGS25183ML,Magic: The Gathering | Nauctis: The Sunken Realm Soft Crate 80+ - Ocean Creature 1/Ocean Creature 2,8.99,8.99,,,,
NOT FOUND IN SHOPIFY,GGS25184ML,Magic: The Gathering | Nauctis: The Sunken Realm Deck Holder 100+ XL - Ocean Creature 3,5.99,5.99,,,,
NOT FOUND IN SHOPIFY,GGS31078ML,Magic: The Gathering | Marvel Super Heroes Zip-Up Album 18-Pocket - Doctor Doom,44.99,44.99,,,,
NOT FOUND IN SHOPIFY,GGS31079ML,Magic: The Gathering | Marvel Super Heroes Zip-Up Album 18-Pocket - Marvel Age,44.99,44.99,,,,
NOT FOUND IN SHOPIFY,GGS31080ML,Star Wars: Unlimited Zip-Up Album 18-Pocket - Jedi Luke Skywalker & Emperor Palpatine,44.99,44.99,,,,
NOT FOUND IN SHOPIFY,GGS31081ML,Star Wars: Unlimited Zip-Up Album 18-Pocket - The Armorer & Whistling Birds,44.99,44.99,,,,
NOT FOUND IN SHOPIFY,GGS31082ML,Star Wars: Unlimited Zip-Up Album 18-Pocket - The First Legion & Teebo,44.99,44.99,,,,
NOT FOUND IN SHOPIFY,GGS31083ML,Star Wars: Unlimited Zip-Up Album 18-Pocket - The Chieftain & A'Kobe,44.99,44.99,,,,
NOT FOUND IN SHOPIFY,GGS31084ML,Magic: The Gathering | Reality Fracture Zip-Up Album 18-Pocket - Planeswalker 1,44.99,44.99,,,,
NOT FOUND IN SHOPIFY,GGS31085ML,"Magic: The Gathering | The Hobbit Zip-Up Album 18-Pocket  - Gollum, Riddle Master/The Lonely Mountai",44.99,44.99,,,,
NOT FOUND IN SHOPIFY,GGS31086ML,"Magic: The Gathering | The Hobbit Zip-Up Album 18-Pocket  - The Arkenstone/Smaug, Worm of Dread",44.99,44.99,,,,
NOT FOUND IN SHOPIFY,GGS31087ML,Magic: The Gathering | The Hobbit Zip-Up Album 18-Pocket  - Gleaming Splendor/The King of Dale,44.99,44.99,,,,
NOT FOUND IN SHOPIFY,GGS31088ML,"Magic: The Gathering | The Hobbit Zip-Up Album 18-Pocket  - Gandalf, Goblin's Bane/The Lord of the E",44.99,44.99,,,,
NOT FOUND IN SHOPIFY,GGS31089ML,"Magic: The Gathering | The Hobbit Zip-Up Album 18-Pocket  - Thranduil, the Elvenking/The Mountain-Ki",44.99,44.99,,,,
NOT FOUND IN SHOPIFY,GGS31090ML,Magic: The Gathering | The Hobbit Zip-Up Album 18-Pocket - Smaug's Mox Amber,44.99,44.99,,,,
NOT FOUND IN SHOPIFY,GGS31091ML,Magic: The Gathering | The Hobbit Zip-Up Album 24-Pocket - The Shire,55.99,55.99,,,,
NOT FOUND IN SHOPIFY,GGS31095ML,Magic: The Gathering | Nauctis: The Sunken Realm Zip-Up Album 18-Pocket - Artifact/Legendary Creatur,44.99,44.99,,,,
NOT FOUND IN SHOPIFY,GGS31096ML,Magic: The Gathering | Nauctis: The Sunken Realm Zip-Up Album 24-Pocket - Merfolk 2/Villain 2,55.99,55.99,,,,
NOT FOUND IN SHOPIFY,GGS32058ML,Magic: The Gathering | Marvel Super Heroes Casual Album 18-Pocket  - The Fantastic Four,29.99,29.99,,,,
NOT FOUND IN SHOPIFY,GGS32059ML,Magic: The Gathering | Marvel Super Heroes Casual Album 18-Pocket  - Marvel Super Heroes,29.99,29.99,,,,
NOT FOUND IN SHOPIFY,GGS32060ML,Magic: The Gathering | Reality Fracture Casual Album 18-Pocket  - Planeswalker Fighting Scene,29.99,29.99,,,,
NOT FOUND IN SHOPIFY,GGS32061ML,Magic: The Gathering | Reality Fracture Casual Album 18-Pocket  - Planeswalker 3 (alt design)/Planes,29.99,29.99,,,,
NOT FOUND IN SHOPIFY,GGS32062ML,Magic: The Gathering | Reality Fracture Casual Album 18-Pocket  - Planeswalker 4 / Planeswalker 8,29.99,29.99,,,,
NOT FOUND IN SHOPIFY,GGS32063ML,Magic: The Gathering | Reality Fracture Casual Album 18-Pocket  - Planeswalker 5/ Planeswalker 9,29.99,29.99,,,,
NOT FOUND IN SHOPIFY,GGS32064ML,Magic: The Gathering | Reality Fracture Casual Album 18-Pocket  - Planeswalker 6/Planeswalker 10,29.99,29.99,,,,
NOT FOUND IN SHOPIFY,GGS32065ML,Magic: The Gathering | Reality Fracture Casual Album 18-Pocket  - Planeswalker 7/Planeswalker 11,29.99,29.99,,,,
NOT FOUND IN SHOPIFY,GGS32066ML,Magic: The Gathering | Nauctis: The Sunken Realm Casual Album 18-Pocket  - Ocean Creature 1/Ocean Cr,29.99,29.99,,,,
NOT FOUND IN SHOPIFY,GGS32067ML,Magic: The Gathering | Nauctis: The Sunken Realm Casual Album 18-Pocket  - Merfolk 1,29.99,29.99,,,,
NOT FOUND IN SHOPIFY,GGS33009ML,Star Wars: Unlimited Premium Cardport 18-Pocket,69.99,69.99,,,,
NOT FOUND IN SHOPIFY,GGS40240ML,"Magic: The Gathering | Marvel Super Heroes Prime Playmat - Captain America, Super-Soldier",26.99,26.99,,,,
NOT FOUND IN SHOPIFY,GGS40241ML,Magic: The Gathering | Marvel Super Heroes Prime Playmat - Loki Laufeyson,26.99,26.99,,,,
NOT FOUND IN SHOPIFY,GGS40243ML,Magic: The Gathering | Marvel Super Heroes Prime Playmat - Go Nuts!,26.99,26.99,,,,
NOT FOUND IN SHOPIFY,GGS40245ML,Magic: The Gathering | Marvel Super Heroes Shiny Playmat - Marvel Super Heroes,29.99,29.99,,,,
NOT FOUND IN SHOPIFY,GGS40246ML,Magic: The Gathering | Marvel Super Heroes Shiny Playmat - The Fantastic Four,29.99,29.99,,,,
NOT FOUND IN SHOPIFY,GGS40247ML,Magic: The Gathering | Marvel Super Heroes Shiny Playmat - Doom Reigns Supreme,29.99,29.99,,,,
NOT FOUND IN SHOPIFY,GGS40249ML,Magic: The Gathering | Marvel Super Heroes Prime 2-Player Playmat - Iron Man/Captain America,39.99,39.99,,,,
NOT FOUND IN SHOPIFY,GGS40250ML,Star Wars: Unlimited Game Mat - Cad Bane,26.99,26.99,,,,
NOT FOUND IN SHOPIFY,GGS40251ML,Star Wars: Unlimited Game Mat - Bo-Katan Kryze,26.99,26.99,,,,
NOT FOUND IN SHOPIFY,GGS40252ML,Star Wars: Unlimited Shiny Game Mat - The Armorer,29.99,29.99,,,,
NOT FOUND IN SHOPIFY,GGS40253ML,Star Wars: Unlimited Double-Sided Game Mat - Jedi Luke Skywalker & Emperor Palpatine,34.99,34.99,,,,
NOT FOUND IN SHOPIFY,GGS40254ML,Star Wars: Unlimited Game Mat - Unlimited Pattern White,26.99,26.99,,,,
NOT FOUND IN SHOPIFY,GGS40257ML,Star Wars: Unlimited Game Mat - Chewbacca,26.99,26.99,,,,
NOT FOUND IN SHOPIFY,GGS40258ML,Star Wars: Unlimited Game Mat - Grand Moff Tarkin,26.99,26.99,,,,
NOT FOUND IN SHOPIFY,GGS40259ML,Star Wars: Unlimited Game Mat - Jar Jar Binks,26.99,26.99,,,,
NOT FOUND IN SHOPIFY,GGS40260ML,Star Wars: Unlimited Shiny Game Mat - Victor Squadron,29.99,29.99,,,,
NOT FOUND IN SHOPIFY,GGS40261ML,Star Wars: Unlimited Double-Sided Game Mat - Wicket & Ewok Archers,34.99,34.99,,,,
NOT FOUND IN SHOPIFY,GGS40262ML,Star Wars: Unlimited Game Mat XL - The Death Star,39.99,39.99,,,,
NOT FOUND IN SHOPIFY,GGS40264ML,Magic: The Gathering | Reality Fracture Prime Playmat - Planeswalker 1 (alt design1 ),26.99,26.99,,,,
NOT FOUND IN SHOPIFY,GGS40265ML,Magic: The Gathering | Reality Fracture Prime Playmat - Planeswalker 3,26.99,26.99,,,,
NOT FOUND IN SHOPIFY,GGS40266ML,Magic: The Gathering | Reality Fracture Shiny Playmat - Planeswalker 1,29.99,29.99,,,,
NOT FOUND IN SHOPIFY,GGS40267ML,Magic: The Gathering | Reality Fracture Shiny Playmat - Planeswalker 3 (alt design)/Planeswalker 1 (,29.99,29.99,,,,
NOT FOUND IN SHOPIFY,GGS40268ML,Magic: The Gathering | Reality Fracture Shiny Playmat - Planeswalker 4 / Planeswalker 8,29.99,29.99,,,,
NOT FOUND IN SHOPIFY,GGS40269ML,Magic: The Gathering | Reality Fracture Shiny Playmat - Planeswalker 5/ Planeswalker 9,29.99,29.99,,,,
NOT FOUND IN SHOPIFY,GGS40270ML,Magic: The Gathering | Reality Fracture Shiny Playmat - Planeswalker 6/Planeswalker 10,29.99,29.99,,,,
NOT FOUND IN SHOPIFY,GGS40271ML,Magic: The Gathering | Reality Fracture Shiny Playmat - Planeswalker 7/Planeswalker 11,29.99,29.99,,,,
NOT FOUND IN SHOPIFY,GGS40272ML,Magic: The Gathering | Reality Fracture Double-sided Playmat - Legendary creature 1/ Legendary creat,34.99,34.99,,,,
NOT FOUND IN SHOPIFY,GGS40273ML,Magic: The Gathering | Reality Fracture Double-sided Playmat - Legendary creature 3/ Legendary creat,34.99,34.99,,,,
NOT FOUND IN SHOPIFY,GGS40274ML,Magic: The Gathering | The Hobbit Prime Playmat - The Shire,26.99,26.99,,,,
NOT FOUND IN SHOPIFY,GGS40275ML,Magic: The Gathering | The Hobbit Prime Playmat - Leaving Hobbiton,26.99,26.99,,,,
NOT FOUND IN SHOPIFY,GGS40276ML,Magic: The Gathering | The Hobbit Prime Playmat - Battle of Five Armies,26.99,26.99,,,,
NOT FOUND IN SHOPIFY,GGS40277ML,Magic: The Gathering | The Hobbit Prime Playmat - Radagast of Rhosgobel,26.99,26.99,,,,
NOT FOUND IN SHOPIFY,GGS40278ML,"Magic: The Gathering | The Hobbit Prime Playmat - Thorin, Mountain-King",26.99,26.99,,,,
NOT FOUND IN SHOPIFY,GGS40279ML,Magic: The Gathering | The Hobbit Shiny Playmat - Smaug the Golden,29.99,29.99,,,,
NOT FOUND IN SHOPIFY,GGS40280ML,Magic: The Gathering | The Hobbit Shiny Playmat - My Precious,29.99,29.99,,,,
NOT FOUND IN SHOPIFY,GGS40281ML,"Magic: The Gathering | The Hobbit Shiny Playmat - Gandalf, Shadow's Foe",29.99,29.99,,,,
NOT FOUND IN SHOPIFY,GGS40282ML,Magic: The Gathering | The Hobbit Shiny Playmat - Mirkwood,29.99,29.99,,,,
NOT FOUND IN SHOPIFY,GGS40283ML,Magic: The Gathering | The Hobbit Shiny Playmat - Head of the Hunt,29.99,29.99,,,,
NOT FOUND IN SHOPIFY,GGS40284ML,Magic: The Gathering | The Hobbit Prime 2-Player Playmat - Bilbo's Pantry,39.99,39.99,,,,
NOT FOUND IN SHOPIFY,GGS40285ML,Magic: The Gathering | The Hobbit Prime 2-Player Playmat - The Desolation of Smaug,39.99,39.99,,,,
NOT FOUND IN SHOPIFY,GGS40286ML,Magic: The Gathering | The Hobbit Prime Table-sized Playmat 6ft - Riddles in the Dark,99.99,99.99,,,,
NOT FOUND IN SHOPIFY,GGS40287ML,Magic: The Gathering | The Hobbit Prime Table-sized Playmat 8ft - The Fateful Encounter,119.99,119.99,,,,
NOT FOUND IN SHOPIFY,GGS40305ML,Magic: The Gathering | Nauctis: The Sunken Realm Prime Playmat - Commander 1,26.99,26.99,,,,
NOT FOUND IN SHOPIFY,GGS40306ML,Magic: The Gathering | Nauctis: The Sunken Realm Prime Playmat - Commander 2,26.99,26.99,,,,
NOT FOUND IN SHOPIFY,GGS40307ML,Magic: The Gathering | Nauctis: The Sunken Realm Prime Playmat - Commander 5,26.99,26.99,,,,
NOT FOUND IN SHOPIFY,GGS40308ML,Magic: The Gathering | Nauctis: The Sunken Realm Prime Playmat - Commander 7,26.99,26.99,,,,
NOT FOUND IN SHOPIFY,GGS40309ML,Magic: The Gathering | Nauctis: The Sunken Realm Prime Playmat - Ocean Creature 1,26.99,26.99,,,,
NOT FOUND IN SHOPIFY,GGS40310ML,Magic: The Gathering | Nauctis: The Sunken Realm Shiny Playmat - Underwater Scenery 1,29.99,29.99,,,,
NOT FOUND IN SHOPIFY,GGS40311ML,Magic: The Gathering | Nauctis: The Sunken Realm Shiny Playmat - Shoals Collective Visage,29.99,29.99,,,,
NOT FOUND IN SHOPIFY,GGS40312ML,Magic: The Gathering | Nauctis: The Sunken Realm Shiny Playmat - Merfolk 1,29.99,29.99,,,,
NOT FOUND IN SHOPIFY,GGS40313ML,Magic: The Gathering | Nauctis: The Sunken Realm Shiny Playmat - Artifact 1,29.99,29.99,,,,
NOT FOUND IN SHOPIFY,GGS40314ML,Magic: The Gathering | Nauctis: The Sunken Realm Shiny Playmat - Underwater Scenery 2,29.99,29.99,,,,
NOT FOUND IN SHOPIFY,GGS40315ML,Magic: The Gathering | Nauctis: The Sunken Realm Shiny 2-Player Playmat - Ocean Creature 2,39.99,39.99,,,,
NOT FOUND IN SHOPIFY,GGS40316ML,Magic: The Gathering | Nauctis: The Sunken Realm Table-sized Playmat 6ft - Underwater Scenery 3,99.99,99.99,,,,
NOT FOUND IN SHOPIFY,GGS40317ML,Magic: The Gathering | Nauctis: The Sunken Realm Table-sized Playmat 8ft - Underwater Scenery 4,119.99,119.99,,,,
NOT FOUND IN SHOPIFY,GGS60196ML,Magic: The Gathering | Reality Fracture Double Life Counter - Planeswalker 1,12.99,12.99,,,,
NOT FOUND IN SHOPIFY,HG2204,Floats McGoats,21.99,21.99,,,,
NOT FOUND IN SHOPIFY,HG2210,Sixem: Sour Patch Kids Games,23.99,23.99,,,,
NOT FOUND IN SHOPIFY,LK0028,Agricola revised Edition,64.99,51.99,,,,
NOT FOUND IN SHOPIFY,LOG019501EN,Forest Shuffle Smoky Mountains,29.99,29.99,,,,
NOT FOUND IN SHOPIFY,LOT-BIL-01,Loteria Bilingual,14.99,11.99,,,,
NOT FOUND IN SHOPIFY,MBGWHO0101EN,Who Says? Friends,12.99,10.39,,,,
NOT FOUND IN SHOPIFY,ODGRWM0201EN,The Lord of the Rings: Circle of Conflict,49.99,49.99,,,,
NOT FOUND IN SHOPIFY,ODGTTS0101EN,Schadenfreude,19.99,19.99,,,,
NOT FOUND IN SHOPIFY,ODLO05EN,The Two Towers: Trick Taking Game,26.99,21.59,,,,
NOT FOUND IN SHOPIFY,PAN202013,Ohanami,17.95,14.36,,,,
NOT FOUND IN SHOPIFY,PANBPEXP02,Beacon Patrol: Ships and Shores,14.95,11.96,,,,
NOT FOUND IN SHOPIFY,PANCCCORE,Castle Combo,29.95,23.96,,,,
NOT FOUND IN SHOPIFY,PANFACORE,Faraway,29.95,23.96,,,,
NOT FOUND IN SHOPIFY,PANFAEXP01,Faraway People from Below,9.95,7.96,,,,
NOT FOUND IN SHOPIFY,PANFAEXP02,Faraway: Under Starry Skies,9.95,7.96,,,,
NOT FOUND IN SHOPIFY,PANKADOCORE,Kado,14.95,11.96,,,,
NOT FOUND IN SHOPIFY,PANPIXEXP01,Pixies: Flower Power,9.95,7.96,,,,
NOT FOUND IN SHOPIFY,PANPWCORE,Paper World,19.95,15.96,,,,
NOT FOUND IN SHOPIFY,PANSBCORE,Shackleton Base,89.95,71.96,,,,
NOT FOUND IN SHOPIFY,PANSSAPEXP01,Sea Salt & Paper Extra Salt,9.95,7.96,,,,
NOT FOUND IN SHOPIFY,PANTKCORE,Tricky Kids,24.95,19.96,,,,
NOT FOUND IN SHOPIFY,PANTMSMCORE,The Mind: Soulmates,24.95,19.96,,,,
NOT FOUND IN SHOPIFY,REHAP0101EN,The Happiest Cat in the World,29.99,29.99,,,,
NOT FOUND IN SHOPIFY,RPSTO0101EN,Spooky Tower,24.99,19.99,,,,
NOT FOUND IN SHOPIFY,SCODIXK0101EN,Dixit Kids,26.99,21.59,,,,
NOT FOUND IN SHOPIFY,MAT-KNO-001-746,Kano,42.99,42.99,,,,
NOT FOUND IN SHOPIFY,GLGTECTCOC,Tiny Epic Cthulhu: Cult of Chaos,15.0,15.0,,,,
NOT FOUND IN SHOPIFY,GLGTEDUA01,Tiny Epic Dungeons Game Mat,25.0,25.0,,,,
NOT FOUND IN SHOPIFY,GLGTEGBTBRE,Tiny Epic Galaxies Beyond the Black Retail,30.0,30.0,,,,
NOT FOUND IN SHOPIFY,GLGTEKRE,Tiny Epic Kingdoms Retail Base Game,30.0,30.0,,,,
NOT FOUND IN SHOPIFY,GLGTEWRE,Tiny Epic Western Retail,30.0,30.0,,,,
NOT FOUND IN SHOPIFY,MG210,Trailblazer The Arizona Trail,59.0,59.0,,,,
NOT FOUND IN SHOPIFY,PHD2221,Polyhero Rogue d20 Lock and Pick Set,15.0,15.0,,,,
NOT FOUND IN SHOPIFY,PHD2306,PolyHero Cleric 8 Dice Set Celestial Ivory,35.0,35.0,,,,
NOT FOUND IN SHOPIFY,PHD2308,PolyHero Cleric 8 Dice Set Vile Violet,35.0,35.0,,,,
NOT FOUND IN SHOPIFY,PHD2309,PolyHero Cleric 8 Dice Set Verdant Viridian,35.0,35.0,,,,
NOT FOUND IN SHOPIFY,PHD2310,PolyHero Cleric 8 Dice Set Sunstorm,35.0,35.0,,,,
NOT FOUND IN SHOPIFY,PHD2311,PolyHero Cleric 8 Dice Set Radiant Rose,35.0,35.0,,,,
NOT FOUND IN SHOPIFY,PHD2312,PolyHero Warrior 8 Dice Set Stalwart Storm,35.0,35.0,,,,
NOT FOUND IN SHOPIFY,PHD2314,PolyHero Warrior 8 Dice Set Crimson Carnage,35.0,35.0,,,,
NOT FOUND IN SHOPIFY,PHD2316,PolyHero Warrior 8 Dice Set Ghost Knight,35.0,35.0,,,,
NOT FOUND IN SHOPIFY,PHD2317,PolyHero Warrior 8 Dice Set Imperial Bronze,35.0,35.0,,,,
NOT FOUND IN SHOPIFY,PHD2318,PolyHero Rogue 8 Dice Set Slick Serpent,35.0,35.0,,,,
NOT FOUND IN SHOPIFY,PHD2319,PolyHero Rogue 8 Dice Set Midnight Blue,35.0,35.0,,,,
NOT FOUND IN SHOPIFY,PHD2321,PolyHero Rogue 8 Dice Set Emerald Emissary,35.0,35.0,,,,
NOT FOUND IN SHOPIFY,PHD2322,PolyHero Rogue 8 Dice Set Sapphire Scoundrel,35.0,35.0,,,,
NOT FOUND IN SHOPIFY,PHD2323,PolyHero Rogue 8 Dice Set Nightshade,35.0,35.0,,,,
NOT FOUND IN SHOPIFY,PHD2325,PolyHero Wizard 8 Dice Set Shadow,35.0,35.0,,,,
NOT FOUND IN SHOPIFY,PHD2327,Polyhero Wizard 8 Dice Set Aether Mist,35.0,35.0,,,,
NOT FOUND IN SHOPIFY,PHD2328,PolyHero Wizard 8 Dice Set Wizardstone,35.0,35.0,,,,
NOT FOUND IN SHOPIFY,PHD2329,PolyHero Wizard 8 Dice Set Smoldering Ember,35.0,35.0,,,,
NOT FOUND IN SHOPIFY,PHD2330,PolyHero Cleric 8d4 Bless Dice in Healing Heart,15.0,15.0,,,,
NOT FOUND IN SHOPIFY,PHD2331,PolyHero Cleric 5d4 Hallowed Hand Grenades Merciful Gold,15.0,15.0,,,,
NOT FOUND IN SHOPIFY,PHD2334,PolyHero Rogue 3d20 Gems,15.0,15.0,,,,
NOT FOUND IN SHOPIFY,PHD2336,PolyHero Wizard d20 Wizard Hat and d2 Spellbook in Shadow,15.0,15.0,,,,
NOT FOUND IN SHOPIFY,PHD2338,PolyHero Wizard d20 Wizard Hat and d2 Spellbook in Aether Mis,15.0,15.0,,,,
NOT FOUND IN SHOPIFY,PHD2339,PolyHero Wizard d20 Wizard Hat and d2 Spellbook in Wizardstone,15.0,15.0,,,,
NOT FOUND IN SHOPIFY,PHD2340,PolyHero Wizard d20 Wizard Hat and d2 Spellbook in Smoldering Ember,15.0,15.0,,,,
NOT FOUND IN SHOPIFY,PHD2347,PolyHero Bard 8 Dice Set Violet Lullaby,35.0,35.0,,,,
NOT FOUND IN SHOPIFY,PHD2348,PolyHero Bard 8 Dice Set Raspberry Rhapsody,35.0,35.0,,,,
NOT FOUND IN SHOPIFY,PHD2349,PolyHero Bard 8 Dice Set Woodland Verse,35.0,35.0,,,,
NOT FOUND IN SHOPIFY,PHD2350,PolyHero Bard 8 Dice Set Amber Ale,35.0,35.0,,,,
NOT FOUND IN SHOPIFY,PHD2351,PolyHero Bard 8 Dice Set Harlequin,35.0,35.0,,,,
NOT FOUND IN SHOPIFY,PHD2352,PolyHero Bard 8d4 Phial of Light,15.0,15.0,,,,
NOT FOUND IN SHOPIFY,PHD2353,PolyHero Bard Troubadours Trio,15.0,15.0,,,,
NOT FOUND IN SHOPIFY,STG2665EN,Everdell Big Ole Box of Storage,150.0,150.0,,,,
NOT FOUND IN SHOPIFY,STG2671EN,Everdell Cozy Critters Plush Hero,25.0,25.0,,,,
NOT FOUND IN SHOPIFY,STG2684EN,Everdell Core Oversized Cards,40.0,40.0,,,,
NOT FOUND IN SHOPIFY,STG2685EN,Everdell Expansions Oversized Cards,40.0,40.0,,,,
NOT FOUND IN SHOPIFY,VPG2509EN,Nemos War Second Edition,74.99,74.99,,,,
NOT FOUND IN SHOPIFY,ZMGCDS0101EN,Citadels Duel,29.99,23.99,,,,
NOT FOUND IN SHOPIFY,ZMGLLN0101EN,KPop Demon Hunters: Battle for the Spotlight,14.99,11.99,,,,
